{"program_113_1.py.in": 5704, "program_37_1.py.in": 4796, "program_38_2.py.in": 14522, "program_235_2.py.in": 19533, "program_144_1.py.in": 2572, "program_80_2.py.in": 113295, "program_60_1.py.in": 2922, "program_327_2.py.in": 6975, "program_282_1.py.in": 8203, "program_328_1.py.in": 5090, "program_262_2.py.in": 3128, "program_96_2.py.in": 510, "program_99_1.py.in": 278883, "program_152_1.py.in": 11497, "program_76_1.py.in": 3028, "program_79_2.py.in": 2662, "program_294_1.py.in": 2854, "program_331_2.py.in": 5046, "program_274_2.py.in": 23980, "program_105_1.py.in": 19664, "program_21_1.py.in": 3162, "program_223_2.py.in": 446696, "program_55_2.py.in": 12128, "program_191_1.py.in": 2388, "program_5_2.py.in": 3910, "program_171_2.py.in": 499888, "program_258_2.py.in": 20258, "program_257_1.py.in": 458578, "program_312_1.py.in": 2846, "program_126_2.py.in": 60312, "program_129_1.py.in": 13056, "program_200_1.py.in": 1649975, "program_345_1.py.in": 13957, "program_14_2.py.in": 44109, "program_130_2.py.in": 25975, "program_219_2.py.in": 3240, "program_216_1.py.in": 5744, "program_187_1.py.in": 8176, "program_188_2.py.in": 37931, "program_43_2.py.in": 13766, "program_167_2.py.in": 28633, "program_168_1.py.in": 27336, "program_241_1.py.in": 6067, "program_304_1.py.in": 71071, "program_239_2.py.in": 3923, "program_236_1.py.in": 11971, "program_110_2.py.in": 4876, "program_34_2.py.in": 3645, "program_281_2.py.in": 24203, "program_324_1.py.in": 1641, "program_261_1.py.in": 2794, "program_147_2.py.in": 4942, "program_83_1.py.in": 3291, "program_148_1.py.in": 4625, "program_63_2.py.in": 580357, "program_298_1.py.in": 2548, "program_332_1.py.in": 4926, "program_297_2.py.in": 2663, "program_278_2.py.in": 3819, "program_277_1.py.in": 3244, "program_95_1.py.in": 3608, "program_151_2.py.in": 58650, "program_75_2.py.in": 15955, "program_220_1.py.in": 2783, "program_106_2.py.in": 11761, "program_109_1.py.in": 4033, "program_22_2.py.in": 3081, "program_254_2.py.in": 559, "program_311_2.py.in": 2717, "program_56_1.py.in": 136211, "program_192_2.py.in": 1346498, "program_59_2.py.in": 192574, "program_172_1.py.in": 498907, "program_9_2.py.in": 20827, "program_6_1.py.in": 3975, "program_203_2.py.in": 2566, "program_346_2.py.in": 3344, "program_349_1.py.in": 2925, "program_125_1.py.in": 3366, "program_215_2.py.in": 7655, "program_350_2.py.in": 5532, "program_17_1.py.in": 2842, "program_18_2.py.in": 2872, "program_133_1.py.in": 10856, "program_242_2.py.in": 3753, "program_307_2.py.in": 3780, "program_308_1.py.in": 3750, "program_184_2.py.in": 172555, "program_40_1.py.in": 3837, "program_164_1.py.in": 4396, "program_185_2.py.in": 83609, "program_41_1.py.in": 22475, "program_165_1.py.in": 5825, "program_243_2.py.in": 18197, "program_306_2.py.in": 8559, "program_309_1.py.in": 12715, "program_16_1.py.in": 10744, "program_19_2.py.in": 20997, "program_132_1.py.in": 13786, "program_214_2.py.in": 10704, "program_351_2.py.in": 4014, "program_124_1.py.in": 6388, "program_202_2.py.in": 3160, "program_347_2.py.in": 661, "program_348_1.py.in": 2947, "program_57_1.py.in": 5412, "program_193_2.py.in": 4252, "program_58_2.py.in": 20500, "program_173_1.py.in": 2896, "program_8_2.py.in": 7647, "program_7_1.py.in": 5128, "program_255_2.py.in": 779, "program_310_2.py.in": 21368, "program_107_2.py.in": 2761, "program_108_1.py.in": 16137, "program_23_2.py.in": 4354, "program_221_1.py.in": 3046, "program_94_1.py.in": 477, "program_150_2.py.in": 4028, "program_74_2.py.in": 4524, "program_299_1.py.in": 2540, "program_333_1.py.in": 13177, "program_296_2.py.in": 3002, "program_279_2.py.in": 3979, "program_276_1.py.in": 14258, "program_146_2.py.in": 638942, "program_82_1.py.in": 3035, "program_149_1.py.in": 8954, "program_62_2.py.in": 786119, "program_280_2.py.in": 4000, "program_325_1.py.in": 6187, "program_260_1.py.in": 276509, "program_111_2.py.in": 6542, "program_35_2.py.in": 21375, "program_238_2.py.in": 3894, "program_237_1.py.in": 3121, "program_240_1.py.in": 3517, "program_305_1.py.in": 3731, "program_186_1.py.in": 15721, "program_189_2.py.in": 3995, "program_42_2.py.in": 23707, "program_166_2.py.in": 5894, "program_169_1.py.in": 499849, "program_218_2.py.in": 3822, "program_217_1.py.in": 2988, "program_352_1.py.in": 3562, "program_15_2.py.in": 45086, "program_131_2.py.in": 13215, "program_201_1.py.in": 3093, "program_344_1.py.in": 2864, "program_127_2.py.in": 50613, "program_128_1.py.in": 87274, "program_259_2.py.in": 656027, "program_256_1.py.in": 202, "program_313_1.py.in": 6644, "program_54_2.py.in": 650845, "program_190_1.py.in": 2971, "program_4_2.py.in": 4739, "program_170_2.py.in": 497944, "program_222_2.py.in": 153052, "program_104_1.py.in": 3258, "program_20_1.py.in": 3596, "program_295_1.py.in": 2850, "program_330_2.py.in": 89811, "program_275_2.py.in": 15187, "program_97_2.py.in": 14645, "program_98_1.py.in": 490877, "program_153_1.py.in": 3097, "program_77_1.py.in": 759, "program_78_2.py.in": 642, "program_326_2.py.in": 10051, "program_283_1.py.in": 16735, "program_329_1.py.in": 5116, "program_263_2.py.in": 2987, "program_145_1.py.in": 436, "program_81_2.py.in": 3061, "program_61_1.py.in": 5384, "program_234_2.py.in": 42060, "program_112_1.py.in": 7058, "program_36_1.py.in": 3925, "program_39_2.py.in": 3579, "program_230_1.py.in": 7481, "program_119_1.py.in": 2860, "program_116_2.py.in": 4383, "program_32_2.py.in": 9368, "program_287_2.py.in": 4318, "program_322_1.py.in": 98099, "program_288_1.py.in": 4584, "program_267_1.py.in": 3919, "program_268_2.py.in": 5092, "program_141_2.py.in": 2542, "program_85_1.py.in": 642, "program_65_2.py.in": 11161, "program_334_1.py.in": 10684, "program_291_2.py.in": 2493, "program_271_1.py.in": 4458, "program_93_1.py.in": 10362, "program_158_1.py.in": 3399, "program_157_2.py.in": 995676, "program_73_2.py.in": 238961, "program_226_1.py.in": 3110, "program_229_2.py.in": 4780, "program_100_2.py.in": 247108, "program_24_2.py.in": 17067, "program_252_2.py.in": 497319, "program_318_1.py.in": 3317, "program_317_2.py.in": 6125, "program_50_1.py.in": 6972, "program_194_2.py.in": 4148, "program_174_1.py.in": 5995, "program_205_2.py.in": 6338, "program_340_2.py.in": 71913, "program_123_1.py.in": 7168, "program_213_2.py.in": 6229, "program_11_1.py.in": 11715, "program_135_1.py.in": 4830, "program_244_2.py.in": 4542, "program_301_2.py.in": 608833, "program_182_2.py.in": 30977, "program_49_2.py.in": 4170, "program_46_1.py.in": 3227, "program_162_1.py.in": 3438, "program_115_1.py.in": 322, "program_31_1.py.in": 3815, "program_233_2.py.in": 17993, "program_89_1.py.in": 3462, "program_142_1.py.in": 3010, "program_86_2.py.in": 2389, "program_69_2.py.in": 1434, "program_66_1.py.in": 6278, "program_321_2.py.in": 38023, "program_284_1.py.in": 8383, "program_264_2.py.in": 3865, "program_90_2.py.in": 3810, "program_154_1.py.in": 3079, "program_70_1.py.in": 2852, "program_338_1.py.in": 3761, "program_292_1.py.in": 2305, "program_337_2.py.in": 2822043, "program_272_2.py.in": 3550, "program_103_1.py.in": 5255, "program_28_2.py.in": 127678, "program_27_1.py.in": 11416, "program_225_2.py.in": 3616, "program_198_2.py.in": 716426, "program_53_2.py.in": 311623, "program_197_1.py.in": 6973, "program_178_1.py.in": 10801, "program_177_2.py.in": 136484, "program_3_2.py.in": 6269, "program_251_1.py.in": 425431, "program_314_1.py.in": 20291, "program_120_2.py.in": 173266, "program_206_1.py.in": 67936, "program_209_2.py.in": 1246, "program_343_1.py.in": 3143, "program_12_2.py.in": 47130, "program_139_1.py.in": 3721, "program_136_2.py.in": 398598, "program_210_1.py.in": 4626, "program_181_1.py.in": 12269, "program_45_2.py.in": 3170, "program_161_2.py.in": 2949, "program_247_1.py.in": 3294, "program_248_2.py.in": 14767, "program_302_1.py.in": 35608, "program_246_1.py.in": 3199, "program_249_2.py.in": 465036, "program_303_1.py.in": 44717, "program_180_1.py.in": 391966, "program_44_2.py.in": 12486, "program_160_2.py.in": 5417, "program_211_1.py.in": 5054, "program_13_2.py.in": 44304, "program_138_1.py.in": 4131, "program_137_2.py.in": 4515, "program_207_1.py.in": 10571, "program_208_2.py.in": 37469, "program_342_1.py.in": 2894, "program_121_2.py.in": 3158, "program_250_1.py.in": 138777, "program_315_1.py.in": 1197, "program_199_2.py.in": 1572045, "program_52_2.py.in": 4251, "program_196_1.py.in": 4113, "program_179_1.py.in": 6828, "program_176_2.py.in": 2993, "program_2_2.py.in": 6218, "program_224_2.py.in": 21944, "program_102_1.py.in": 3354, "program_29_2.py.in": 4150, "program_26_1.py.in": 4954, "program_339_1.py.in": 5731, "program_293_1.py.in": 3146, "program_336_2.py.in": 7236, "program_273_2.py.in": 313781, "program_91_2.py.in": 8048, "program_155_1.py.in": 2959, "program_71_1.py.in": 3098, "program_320_2.py.in": 88394, "program_285_1.py.in": 290, "program_265_2.py.in": 3460, "program_88_1.py.in": 2372, "program_143_1.py.in": 731, "program_87_2.py.in": 3354, "program_68_2.py.in": 4492, "program_67_1.py.in": 3383, "program_232_2.py.in": 1025, "program_114_1.py.in": 3049, "program_30_1.py.in": 255, "program_183_2.py.in": 346598, "program_48_2.py.in": 110988, "program_47_1.py.in": 3208, "program_163_1.py.in": 10647, "program_245_2.py.in": 3189, "program_300_2.py.in": 2654, "program_10_1.py.in": 3323, "program_134_1.py.in": 3396, "program_212_2.py.in": 12795, "program_122_1.py.in": 3502, "program_204_2.py.in": 69613, "program_341_2.py.in": 3070, "program_51_1.py.in": 13798, "program_195_2.py.in": 706208, "program_1_1.py.in": 69614, "program_175_1.py.in": 12143, "program_253_2.py.in": 474, "program_319_1.py.in": 15367, "program_316_2.py.in": 17831, "program_101_2.py.in": 1725819, "program_25_2.py.in": 3524, "program_227_1.py.in": 3707, "program_228_2.py.in": 144223, "program_92_1.py.in": 4418, "program_159_1.py.in": 33222, "program_156_2.py.in": 3609, "program_72_2.py.in": 4436, "program_335_1.py.in": 10813, "program_290_2.py.in": 2387, "program_270_1.py.in": 2827, "program_140_2.py.in": 3251, "program_84_1.py.in": 3083, "program_64_2.py.in": 305387, "program_286_2.py.in": 3667, "program_323_1.py.in": 15943, "program_289_1.py.in": 535, "program_266_1.py.in": 4738, "program_269_2.py.in": 3827, "program_118_1.py.in": 2821, "program_117_2.py.in": 3130, "program_33_2.py.in": 7929, "program_231_1.py.in": 128413, "program_160_1.py.in": 2336, "program_180_2.py.in": 431598, "program_44_1.py.in": 791934, "program_303_2.py.in": 516877, "program_246_2.py.in": 3241, "program_249_1.py.in": 463950, "program_138_2.py.in": 5465, "program_137_1.py.in": 3669, "program_13_1.py.in": 26090, "program_211_2.py.in": 9930, "program_121_1.py.in": 3056, "program_342_2.py.in": 3605, "program_207_2.py.in": 31291, "program_208_1.py.in": 9194, "program_179_2.py.in": 11853, "program_176_1.py.in": 2453, "program_2_1.py.in": 4461, "program_199_1.py.in": 1539769, "program_52_1.py.in": 4285, "program_196_2.py.in": 6027, "program_315_2.py.in": 1733, "program_250_2.py.in": 477074, "program_29_1.py.in": 4442, "program_26_2.py.in": 10285, "program_102_2.py.in": 3838, "program_224_1.py.in": 5337, "program_71_2.py.in": 3754, "program_91_1.py.in": 3361, "program_155_2.py.in": 4403, "program_273_1.py.in": 2019135, "program_339_2.py.in": 39925, "program_293_2.py.in": 2991, "program_336_1.py.in": 8242, "program_68_1.py.in": 3885, "program_67_2.py.in": 4310, "program_88_2.py.in": 2420, "program_143_2.py.in": 1201, "program_87_1.py.in": 3084, "program_265_1.py.in": 3747, "program_320_1.py.in": 60878, "program_285_2.py.in": 810, "program_30_2.py.in": 507, "program_114_2.py.in": 5233, "program_232_1.py.in": 277285, "program_300_1.py.in": 2546, "program_245_1.py.in": 2907, "program_163_2.py.in": 11190, "program_183_1.py.in": 10751, "program_48_1.py.in": 7720, "program_47_2.py.in": 5930, "program_212_1.py.in": 9027, "program_134_2.py.in": 22514, "program_10_2.py.in": 9831, "program_341_1.py.in": 2915, "program_204_1.py.in": 2751, "program_122_2.py.in": 3618, "program_319_2.py.in": 47064, "program_316_1.py.in": 13773, "program_253_1.py.in": 297, "program_1_2.py.in": 1235944, "program_175_2.py.in": 10335, "program_51_2.py.in": 15639, "program_195_1.py.in": 24021, "program_227_2.py.in": 3849, "program_228_1.py.in": 5111, "program_25_1.py.in": 2941, "program_101_1.py.in": 6270, "program_270_2.py.in": 2700, "program_335_2.py.in": 9334, "program_290_1.py.in": 2252, "program_72_1.py.in": 3806, "program_92_2.py.in": 5374, "program_159_2.py.in": 17759, "program_156_1.py.in": 2795, "program_266_2.py.in": 7346, "program_269_1.py.in": 3778, "program_286_1.py.in": 2344, "program_323_2.py.in": 27699, "program_289_2.py.in": 178, "program_64_1.py.in": 336729, "program_140_1.py.in": 3013, "program_84_2.py.in": 3202, "program_231_2.py.in": 176989, "program_33_1.py.in": 10292, "program_118_2.py.in": 3625, "program_117_1.py.in": 2794, "program_32_1.py.in": 3108, "program_119_2.py.in": 2968, "program_116_1.py.in": 3827, "program_230_2.py.in": 289709, "program_65_1.py.in": 3669, "program_141_1.py.in": 3004, "program_85_2.py.in": 861, "program_267_2.py.in": 3191, "program_268_1.py.in": 3426, "program_287_1.py.in": 2890, "program_322_2.py.in": 937740, "program_288_2.py.in": 2520, "program_73_1.py.in": 26390, "program_93_2.py.in": 11032, "program_158_2.py.in": 4651, "program_157_1.py.in": 11378, "program_271_2.py.in": 4470, "program_334_2.py.in": 9216, "program_291_1.py.in": 2310, "program_24_1.py.in": 5109, "program_100_1.py.in": 96791, "program_226_2.py.in": 3393, "program_229_1.py.in": 2906, "program_174_2.py.in": 10152, "program_50_2.py.in": 5733, "program_194_1.py.in": 2956, "program_318_2.py.in": 4471, "program_317_1.py.in": 2826, "program_252_1.py.in": 362481, "program_123_2.py.in": 6224, "program_340_1.py.in": 4961, "program_205_1.py.in": 73658, "program_135_2.py.in": 35046, "program_11_2.py.in": 695269, "program_213_1.py.in": 6343, "program_162_2.py.in": 4845, "program_182_1.py.in": 5277, "program_49_1.py.in": 4216, "program_46_2.py.in": 3528, "program_301_1.py.in": 376839, "program_244_1.py.in": 3404, "program_233_1.py.in": 9209, "program_31_2.py.in": 2984, "program_115_2.py.in": 356, "program_264_1.py.in": 3043, "program_321_1.py.in": 30033, "program_284_2.py.in": 108716, "program_69_1.py.in": 1340, "program_66_2.py.in": 6434, "program_89_2.py.in": 3457, "program_142_2.py.in": 2502, "program_86_1.py.in": 2316, "program_272_1.py.in": 3513, "program_338_2.py.in": 52874, "program_292_2.py.in": 3057, "program_337_1.py.in": 91529, "program_70_2.py.in": 3274, "program_90_1.py.in": 3288, "program_154_2.py.in": 4453, "program_225_1.py.in": 3144, "program_28_1.py.in": 4443, "program_27_2.py.in": 55125, "program_103_2.py.in": 9529, "program_314_2.py.in": 31315, "program_251_2.py.in": 139322, "program_178_2.py.in": 26245, "program_177_1.py.in": 30907, "program_3_1.py.in": 3807, "program_198_1.py.in": 41625, "program_53_1.py.in": 43480, "program_197_2.py.in": 10225, "program_343_2.py.in": 4234, "program_206_2.py.in": 54391, "program_209_1.py.in": 682, "program_120_1.py.in": 20154, "program_210_2.py.in": 5606, "program_139_2.py.in": 4645, "program_136_1.py.in": 4321, "program_12_1.py.in": 351131, "program_302_2.py.in": 137759, "program_247_2.py.in": 3356, "program_248_1.py.in": 7179, "program_161_1.py.in": 3019, "program_181_2.py.in": 873985, "program_45_1.py.in": 2929, "program_306_1.py.in": 4070, "program_309_2.py.in": 11149, "program_243_1.py.in": 3107, "program_165_2.py.in": 7712, "program_185_1.py.in": 10543, "program_41_2.py.in": 2304115, "program_351_1.py.in": 3784, "program_214_1.py.in": 8316, "program_132_2.py.in": 13247, "program_16_2.py.in": 13415, "program_19_1.py.in": 7102, "program_347_1.py.in": 423, "program_348_2.py.in": 4310, "program_202_1.py.in": 2981, "program_124_2.py.in": 8279, "program_310_1.py.in": 544, "program_255_1.py.in": 491, "program_173_2.py.in": 4592, "program_8_1.py.in": 6538, "program_7_2.py.in": 8344, "program_57_2.py.in": 4231969, "program_193_1.py.in": 3060, "program_58_1.py.in": 4188, "program_221_2.py.in": 4148, "program_23_1.py.in": 3336, "program_107_1.py.in": 3583, "program_108_2.py.in": 23367, "program_279_1.py.in": 3276, "program_276_2.py.in": 1437546, "program_299_2.py.in": 2636, "program_333_2.py.in": 11269, "program_296_1.py.in": 2923, "program_74_1.py.in": 2220, "program_94_2.py.in": 1122, "program_150_1.py.in": 3115, "program_260_2.py.in": 1099417, "program_280_1.py.in": 3292, "program_325_2.py.in": 6247, "program_62_1.py.in": 10044, "program_146_1.py.in": 8257, "program_82_2.py.in": 3102, "program_149_2.py.in": 68348, "program_238_1.py.in": 2958, "program_237_2.py.in": 1950605, "program_35_1.py.in": 13877, "program_111_1.py.in": 6284, "program_166_1.py.in": 4422, "program_169_2.py.in": 499699, "program_186_2.py.in": 28877, "program_189_1.py.in": 2965, "program_42_1.py.in": 4730, "program_305_2.py.in": 3977, "program_240_2.py.in": 5453, "program_131_1.py.in": 13632, "program_15_1.py.in": 26820, "program_352_2.py.in": 4196, "program_218_1.py.in": 4016, "program_217_2.py.in": 3652, "program_127_1.py.in": 4535, "program_128_2.py.in": 1460497, "program_344_2.py.in": 3125, "program_201_2.py.in": 3970, "program_4_1.py.in": 5726, "program_170_1.py.in": 499710, "program_54_1.py.in": 53037, "program_190_2.py.in": 3081, "program_313_2.py.in": 11313, "program_259_1.py.in": 188633, "program_256_2.py.in": 348, "program_20_2.py.in": 173889, "program_104_2.py.in": 3389, "program_222_1.py.in": 4440, "program_77_2.py.in": 3711, "program_78_1.py.in": 537, "program_97_1.py.in": 15117, "program_98_2.py.in": 497315, "program_153_2.py.in": 4749, "program_275_1.py.in": 3023, "program_295_2.py.in": 2824, "program_330_1.py.in": 4600, "program_61_2.py.in": 10820, "program_145_2.py.in": 3508, "program_81_1.py.in": 3018, "program_263_1.py.in": 2923, "program_326_1.py.in": 8284, "program_283_2.py.in": 18885, "program_329_2.py.in": 5703, "program_36_2.py.in": 6935, "program_39_1.py.in": 3267, "program_112_2.py.in": 6362, "program_234_1.py.in": 18037, "program_235_1.py.in": 9876, "program_37_2.py.in": 3866, "program_38_1.py.in": 13564, "program_113_2.py.in": 5860, "program_262_1.py.in": 3175, "program_327_1.py.in": 2869, "program_282_2.py.in": 13552, "program_328_2.py.in": 4017, "program_60_2.py.in": 11296, "program_144_2.py.in": 2704, "program_80_1.py.in": 100839, "program_274_1.py.in": 43180, "program_294_2.py.in": 2880, "program_331_1.py.in": 3016, "program_76_2.py.in": 3120, "program_79_1.py.in": 1639, "program_96_1.py.in": 412, "program_99_2.py.in": 412328, "program_152_2.py.in": 29898, "program_223_1.py.in": 58573, "program_21_2.py.in": 3100, "program_105_2.py.in": 10928, "program_312_2.py.in": 4366, "program_258_1.py.in": 6966, "program_257_2.py.in": 70730, "program_5_1.py.in": 2823, "program_171_1.py.in": 499890, "program_55_1.py.in": 322590, "program_191_2.py.in": 2287, "program_345_2.py.in": 10070, "program_200_2.py.in": 1160762, "program_126_1.py.in": 11212, "program_129_2.py.in": 16048, "program_219_1.py.in": 5404, "program_216_2.py.in": 4931, "program_130_1.py.in": 5455, "program_14_1.py.in": 25843, "program_304_2.py.in": 20017, "program_241_2.py.in": 9257, "program_167_1.py.in": 12789, "program_168_2.py.in": 2640, "program_187_2.py.in": 51488, "program_188_1.py.in": 6679, "program_43_1.py.in": 5572, "program_34_1.py.in": 3741, "program_110_1.py.in": 5999, "program_239_1.py.in": 2913, "program_236_2.py.in": 23569, "program_63_1.py.in": 9988, "program_147_1.py.in": 12537, "program_83_2.py.in": 3603, "program_148_2.py.in": 13405, "program_261_2.py.in": 3130, "program_281_1.py.in": 13613, "program_324_2.py.in": 5072, "program_75_1.py.in": 10026, "program_95_2.py.in": 3955, "program_151_1.py.in": 11579, "program_278_1.py.in": 3260, "program_277_2.py.in": 3659, "program_298_2.py.in": 2732, "program_332_2.py.in": 4782, "program_297_1.py.in": 2501, "program_22_1.py.in": 2971, "program_106_1.py.in": 9210, "program_109_2.py.in": 4682, "program_220_2.py.in": 2933, "program_172_2.py.in": 499041, "program_9_1.py.in": 3787, "program_6_2.py.in": 3892, "program_56_2.py.in": 1615915, "program_192_1.py.in": 44838, "program_59_1.py.in": 92175, "program_311_1.py.in": 15138, "program_254_1.py.in": 1001, "program_125_2.py.in": 5767, "program_346_1.py.in": 5579, "program_349_2.py.in": 3209, "program_203_1.py.in": 300, "program_133_2.py.in": 136376, "program_17_2.py.in": 8914, "program_18_1.py.in": 4011, "program_350_1.py.in": 2994, "program_215_1.py.in": 3523, "program_164_2.py.in": 3369, "program_184_1.py.in": 62732, "program_40_2.py.in": 3419, "program_307_1.py.in": 3679, "program_308_2.py.in": 3627, "program_242_1.py.in": 2965}